date,year,quarter,month,month_name,year_month,week_of_year,day_name,is_weekend,season
2024-01-01,2024,1,1,January,2024-01,1,Monday,False,Winter
2024-01-02,2024,1,1,January,2024-01,1,Tuesday,False,Winter
2024-01-03,2024,1,1,January,2024-01,1,Wednesday,False,Winter
2024-01-04,2024,1,1,January,2024-01,1,Thursday,False,Winter
2024-01-05,2024,1,1,January,2024-01,1,Friday,False,Winter
2024-01-06,2024,1,1,January,2024-01,1,Saturday,True,Winter
2024-01-07,2024,1,1,January,2024-01,1,Sunday,True,Winter
2024-01-08,2024,1,1,January,2024-01,2,Monday,False,Winter
2024-01-09,2024,1,1,January,2024-01,2,Tuesday,False,Winter
2024-01-10,2024,1,1,January,2024-01,2,Wednesday,False,Winter
2024-01-11,2024,1,1,January,2024-01,2,Thursday,False,Winter
2024-01-12,2024,1,1,January,2024-01,2,Friday,False,Winter
2024-01-13,2024,1,1,January,2024-01,2,Saturday,True,Winter
2024-01-14,2024,1,1,January,2024-01,2,Sunday,True,Winter
2024-01-15,2024,1,1,January,2024-01,3,Monday,False,Winter
2024-01-16,2024,1,1,January,2024-01,3,Tuesday,False,Winter
2024-01-17,2024,1,1,January,2024-01,3,Wednesday,False,Winter
2024-01-18,2024,1,1,January,2024-01,3,Thursday,False,Winter
2024-01-19,2024,1,1,January,2024-01,3,Friday,False,Winter
2024-01-20,2024,1,1,January,2024-01,3,Saturday,True,Winter
2024-01-21,2024,1,1,January,2024-01,3,Sunday,True,Winter
2024-01-22,2024,1,1,January,2024-01,4,Monday,False,Winter
2024-01-23,2024,1,1,January,2024-01,4,Tuesday,False,Winter
2024-01-24,2024,1,1,January,2024-01,4,Wednesday,False,Winter
2024-01-25,2024,1,1,January,2024-01,4,Thursday,False,Winter
2024-01-26,2024,1,1,January,2024-01,4,Friday,False,Winter
2024-01-27,2024,1,1,January,2024-01,4,Saturday,True,Winter
2024-01-28,2024,1,1,January,2024-01,4,Sunday,True,Winter
2024-01-29,2024,1,1,January,2024-01,5,Monday,False,Winter
2024-01-30,2024,1,1,January,2024-01,5,Tuesday,False,Winter
2024-01-31,2024,1,1,January,2024-01,5,Wednesday,False,Winter
2024-02-01,2024,1,2,February,2024-02,5,Thursday,False,Winter
2024-02-02,2024,1,2,February,2024-02,5,Friday,False,Winter
2024-02-03,2024,1,2,February,2024-02,5,Saturday,True,Winter
2024-02-04,2024,1,2,February,2024-02,5,Sunday,True,Winter
2024-02-05,2024,1,2,February,2024-02,6,Monday,False,Winter
2024-02-06,2024,1,2,February,2024-02,6,Tuesday,False,Winter
2024-02-07,2024,1,2,February,2024-02,6,Wednesday,False,Winter
2024-02-08,2024,1,2,February,2024-02,6,Thursday,False,Winter
2024-02-09,2024,1,2,February,2024-02,6,Friday,False,Winter
2024-02-10,2024,1,2,February,2024-02,6,Saturday,True,Winter
2024-02-11,2024,1,2,February,2024-02,6,Sunday,True,Winter
2024-02-12,2024,1,2,February,2024-02,7,Monday,False,Winter
2024-02-13,2024,1,2,February,2024-02,7,Tuesday,False,Winter
2024-02-14,2024,1,2,February,2024-02,7,Wednesday,False,Winter
2024-02-15,2024,1,2,February,2024-02,7,Thursday,False,Winter
2024-02-16,2024,1,2,February,2024-02,7,Friday,False,Winter
2024-02-17,2024,1,2,February,2024-02,7,Saturday,True,Winter
2024-02-18,2024,1,2,February,2024-02,7,Sunday,True,Winter
2024-02-19,2024,1,2,February,2024-02,8,Monday,False,Winter
2024-02-20,2024,1,2,February,2024-02,8,Tuesday,False,Winter
2024-02-21,2024,1,2,February,2024-02,8,Wednesday,False,Winter
2024-02-22,2024,1,2,February,2024-02,8,Thursday,False,Winter
2024-02-23,2024,1,2,February,2024-02,8,Friday,False,Winter
2024-02-24,2024,1,2,February,2024-02,8,Saturday,True,Winter
2024-02-25,2024,1,2,February,2024-02,8,Sunday,True,Winter
2024-02-26,2024,1,2,February,2024-02,9,Monday,False,Winter
2024-02-27,2024,1,2,February,2024-02,9,Tuesday,False,Winter
2024-02-28,2024,1,2,February,2024-02,9,Wednesday,False,Winter
2024-02-29,2024,1,2,February,2024-02,9,Thursday,False,Winter
2024-03-01,2024,1,3,March,2024-03,9,Friday,False,Spring
2024-03-02,2024,1,3,March,2024-03,9,Saturday,True,Spring
2024-03-03,2024,1,3,March,2024-03,9,Sunday,True,Spring
2024-03-04,2024,1,3,March,2024-03,10,Monday,False,Spring
2024-03-05,2024,1,3,March,2024-03,10,Tuesday,False,Spring
2024-03-06,2024,1,3,March,2024-03,10,Wednesday,False,Spring
2024-03-07,2024,1,3,March,2024-03,10,Thursday,False,Spring
2024-03-08,2024,1,3,March,2024-03,10,Friday,False,Spring
2024-03-09,2024,1,3,March,2024-03,10,Saturday,True,Spring
2024-03-10,2024,1,3,March,2024-03,10,Sunday,True,Spring
2024-03-11,2024,1,3,March,2024-03,11,Monday,False,Spring
2024-03-12,2024,1,3,March,2024-03,11,Tuesday,False,Spring
2024-03-13,2024,1,3,March,2024-03,11,Wednesday,False,Spring
2024-03-14,2024,1,3,March,2024-03,11,Thursday,False,Spring
2024-03-15,2024,1,3,March,2024-03,11,Friday,False,Spring
2024-03-16,2024,1,3,March,2024-03,11,Saturday,True,Spring
2024-03-17,2024,1,3,March,2024-03,11,Sunday,True,Spring
2024-03-18,2024,1,3,March,2024-03,12,Monday,False,Spring
2024-03-19,2024,1,3,March,2024-03,12,Tuesday,False,Spring
2024-03-20,2024,1,3,March,2024-03,12,Wednesday,False,Spring
2024-03-21,2024,1,3,March,2024-03,12,Thursday,False,Spring
2024-03-22,2024,1,3,March,2024-03,12,Friday,False,Spring
2024-03-23,2024,1,3,March,2024-03,12,Saturday,True,Spring
2024-03-24,2024,1,3,March,2024-03,12,Sunday,True,Spring
2024-03-25,2024,1,3,March,2024-03,13,Monday,False,Spring
2024-03-26,2024,1,3,March,2024-03,13,Tuesday,False,Spring
2024-03-27,2024,1,3,March,2024-03,13,Wednesday,False,Spring
2024-03-28,2024,1,3,March,2024-03,13,Thursday,False,Spring
2024-03-29,2024,1,3,March,2024-03,13,Friday,False,Spring
2024-03-30,2024,1,3,March,2024-03,13,Saturday,True,Spring
2024-03-31,2024,1,3,March,2024-03,13,Sunday,True,Spring
2024-04-01,2024,2,4,April,2024-04,14,Monday,False,Spring
2024-04-02,2024,2,4,April,2024-04,14,Tuesday,False,Spring
2024-04-03,2024,2,4,April,2024-04,14,Wednesday,False,Spring
2024-04-04,2024,2,4,April,2024-04,14,Thursday,False,Spring
2024-04-05,2024,2,4,April,2024-04,14,Friday,False,Spring
2024-04-06,2024,2,4,April,2024-04,14,Saturday,True,Spring
2024-04-07,2024,2,4,April,2024-04,14,Sunday,True,Spring
2024-04-08,2024,2,4,April,2024-04,15,Monday,False,Spring
2024-04-09,2024,2,4,April,2024-04,15,Tuesday,False,Spring
2024-04-10,2024,2,4,April,2024-04,15,Wednesday,False,Spring
2024-04-11,2024,2,4,April,2024-04,15,Thursday,False,Spring
2024-04-12,2024,2,4,April,2024-04,15,Friday,False,Spring
2024-04-13,2024,2,4,April,2024-04,15,Saturday,True,Spring
2024-04-14,2024,2,4,April,2024-04,15,Sunday,True,Spring
2024-04-15,2024,2,4,April,2024-04,16,Monday,False,Spring
2024-04-16,2024,2,4,April,2024-04,16,Tuesday,False,Spring
2024-04-17,2024,2,4,April,2024-04,16,Wednesday,False,Spring
2024-04-18,2024,2,4,April,2024-04,16,Thursday,False,Spring
2024-04-19,2024,2,4,April,2024-04,16,Friday,False,Spring
2024-04-20,2024,2,4,April,2024-04,16,Saturday,True,Spring
2024-04-21,2024,2,4,April,2024-04,16,Sunday,True,Spring
2024-04-22,2024,2,4,April,2024-04,17,Monday,False,Spring
2024-04-23,2024,2,4,April,2024-04,17,Tuesday,False,Spring
2024-04-24,2024,2,4,April,2024-04,17,Wednesday,False,Spring
2024-04-25,2024,2,4,April,2024-04,17,Thursday,False,Spring
2024-04-26,2024,2,4,April,2024-04,17,Friday,False,Spring
2024-04-27,2024,2,4,April,2024-04,17,Saturday,True,Spring
2024-04-28,2024,2,4,April,2024-04,17,Sunday,True,Spring
2024-04-29,2024,2,4,April,2024-04,18,Monday,False,Spring
2024-04-30,2024,2,4,April,2024-04,18,Tuesday,False,Spring
2024-05-01,2024,2,5,May,2024-05,18,Wednesday,False,Spring
2024-05-02,2024,2,5,May,2024-05,18,Thursday,False,Spring
2024-05-03,2024,2,5,May,2024-05,18,Friday,False,Spring
2024-05-04,2024,2,5,May,2024-05,18,Saturday,True,Spring
2024-05-05,2024,2,5,May,2024-05,18,Sunday,True,Spring
2024-05-06,2024,2,5,May,2024-05,19,Monday,False,Spring
2024-05-07,2024,2,5,May,2024-05,19,Tuesday,False,Spring
2024-05-08,2024,2,5,May,2024-05,19,Wednesday,False,Spring
2024-05-09,2024,2,5,May,2024-05,19,Thursday,False,Spring
2024-05-10,2024,2,5,May,2024-05,19,Friday,False,Spring
2024-05-11,2024,2,5,May,2024-05,19,Saturday,True,Spring
2024-05-12,2024,2,5,May,2024-05,19,Sunday,True,Spring
2024-05-13,2024,2,5,May,2024-05,20,Monday,False,Spring
2024-05-14,2024,2,5,May,2024-05,20,Tuesday,False,Spring
2024-05-15,2024,2,5,May,2024-05,20,Wednesday,False,Spring
2024-05-16,2024,2,5,May,2024-05,20,Thursday,False,Spring
2024-05-17,2024,2,5,May,2024-05,20,Friday,False,Spring
2024-05-18,2024,2,5,May,2024-05,20,Saturday,True,Spring
2024-05-19,2024,2,5,May,2024-05,20,Sunday,True,Spring
2024-05-20,2024,2,5,May,2024-05,21,Monday,False,Spring
2024-05-21,2024,2,5,May,2024-05,21,Tuesday,False,Spring
2024-05-22,2024,2,5,May,2024-05,21,Wednesday,False,Spring
2024-05-23,2024,2,5,May,2024-05,21,Thursday,False,Spring
2024-05-24,2024,2,5,May,2024-05,21,Friday,False,Spring
2024-05-25,2024,2,5,May,2024-05,21,Saturday,True,Spring
2024-05-26,2024,2,5,May,2024-05,21,Sunday,True,Spring
2024-05-27,2024,2,5,May,2024-05,22,Monday,False,Spring
2024-05-28,2024,2,5,May,2024-05,22,Tuesday,False,Spring
2024-05-29,2024,2,5,May,2024-05,22,Wednesday,False,Spring
2024-05-30,2024,2,5,May,2024-05,22,Thursday,False,Spring
2024-05-31,2024,2,5,May,2024-05,22,Friday,False,Spring
2024-06-01,2024,2,6,June,2024-06,22,Saturday,True,Summer
2024-06-02,2024,2,6,June,2024-06,22,Sunday,True,Summer
2024-06-03,2024,2,6,June,2024-06,23,Monday,False,Summer
2024-06-04,2024,2,6,June,2024-06,23,Tuesday,False,Summer
2024-06-05,2024,2,6,June,2024-06,23,Wednesday,False,Summer
2024-06-06,2024,2,6,June,2024-06,23,Thursday,False,Summer
2024-06-07,2024,2,6,June,2024-06,23,Friday,False,Summer
2024-06-08,2024,2,6,June,2024-06,23,Saturday,True,Summer
2024-06-09,2024,2,6,June,2024-06,23,Sunday,True,Summer
2024-06-10,2024,2,6,June,2024-06,24,Monday,False,Summer
2024-06-11,2024,2,6,June,2024-06,24,Tuesday,False,Summer
2024-06-12,2024,2,6,June,2024-06,24,Wednesday,False,Summer
2024-06-13,2024,2,6,June,2024-06,24,Thursday,False,Summer
2024-06-14,2024,2,6,June,2024-06,24,Friday,False,Summer
2024-06-15,2024,2,6,June,2024-06,24,Saturday,True,Summer
2024-06-16,2024,2,6,June,2024-06,24,Sunday,True,Summer
2024-06-17,2024,2,6,June,2024-06,25,Monday,False,Summer
2024-06-18,2024,2,6,June,2024-06,25,Tuesday,False,Summer
2024-06-19,2024,2,6,June,2024-06,25,Wednesday,False,Summer
2024-06-20,2024,2,6,June,2024-06,25,Thursday,False,Summer
2024-06-21,2024,2,6,June,2024-06,25,Friday,False,Summer
2024-06-22,2024,2,6,June,2024-06,25,Saturday,True,Summer
2024-06-23,2024,2,6,June,2024-06,25,Sunday,True,Summer
2024-06-24,2024,2,6,June,2024-06,26,Monday,False,Summer
2024-06-25,2024,2,6,June,2024-06,26,Tuesday,False,Summer
2024-06-26,2024,2,6,June,2024-06,26,Wednesday,False,Summer
2024-06-27,2024,2,6,June,2024-06,26,Thursday,False,Summer
2024-06-28,2024,2,6,June,2024-06,26,Friday,False,Summer
2024-06-29,2024,2,6,June,2024-06,26,Saturday,True,Summer
2024-06-30,2024,2,6,June,2024-06,26,Sunday,True,Summer
2024-07-01,2024,3,7,July,2024-07,27,Monday,False,Summer
2024-07-02,2024,3,7,July,2024-07,27,Tuesday,False,Summer
2024-07-03,2024,3,7,July,2024-07,27,Wednesday,False,Summer
2024-07-04,2024,3,7,July,2024-07,27,Thursday,False,Summer
2024-07-05,2024,3,7,July,2024-07,27,Friday,False,Summer
2024-07-06,2024,3,7,July,2024-07,27,Saturday,True,Summer
2024-07-07,2024,3,7,July,2024-07,27,Sunday,True,Summer
2024-07-08,2024,3,7,July,2024-07,28,Monday,False,Summer
2024-07-09,2024,3,7,July,2024-07,28,Tuesday,False,Summer
2024-07-10,2024,3,7,July,2024-07,28,Wednesday,False,Summer
2024-07-11,2024,3,7,July,2024-07,28,Thursday,False,Summer
2024-07-12,2024,3,7,July,2024-07,28,Friday,False,Summer
2024-07-13,2024,3,7,July,2024-07,28,Saturday,True,Summer
2024-07-14,2024,3,7,July,2024-07,28,Sunday,True,Summer
2024-07-15,2024,3,7,July,2024-07,29,Monday,False,Summer
2024-07-16,2024,3,7,July,2024-07,29,Tuesday,False,Summer
2024-07-17,2024,3,7,July,2024-07,29,Wednesday,False,Summer
2024-07-18,2024,3,7,July,2024-07,29,Thursday,False,Summer
2024-07-19,2024,3,7,July,2024-07,29,Friday,False,Summer
2024-07-20,2024,3,7,July,2024-07,29,Saturday,True,Summer
2024-07-21,2024,3,7,July,2024-07,29,Sunday,True,Summer
2024-07-22,2024,3,7,July,2024-07,30,Monday,False,Summer
2024-07-23,2024,3,7,July,2024-07,30,Tuesday,False,Summer
2024-07-24,2024,3,7,July,2024-07,30,Wednesday,False,Summer
2024-07-25,2024,3,7,July,2024-07,30,Thursday,False,Summer
2024-07-26,2024,3,7,July,2024-07,30,Friday,False,Summer
2024-07-27,2024,3,7,July,2024-07,30,Saturday,True,Summer
2024-07-28,2024,3,7,July,2024-07,30,Sunday,True,Summer
2024-07-29,2024,3,7,July,2024-07,31,Monday,False,Summer
2024-07-30,2024,3,7,July,2024-07,31,Tuesday,False,Summer
2024-07-31,2024,3,7,July,2024-07,31,Wednesday,False,Summer
2024-08-01,2024,3,8,August,2024-08,31,Thursday,False,Summer
2024-08-02,2024,3,8,August,2024-08,31,Friday,False,Summer
2024-08-03,2024,3,8,August,2024-08,31,Saturday,True,Summer
2024-08-04,2024,3,8,August,2024-08,31,Sunday,True,Summer
2024-08-05,2024,3,8,August,2024-08,32,Monday,False,Summer
2024-08-06,2024,3,8,August,2024-08,32,Tuesday,False,Summer
2024-08-07,2024,3,8,August,2024-08,32,Wednesday,False,Summer
2024-08-08,2024,3,8,August,2024-08,32,Thursday,False,Summer
2024-08-09,2024,3,8,August,2024-08,32,Friday,False,Summer
2024-08-10,2024,3,8,August,2024-08,32,Saturday,True,Summer
2024-08-11,2024,3,8,August,2024-08,32,Sunday,True,Summer
2024-08-12,2024,3,8,August,2024-08,33,Monday,False,Summer
2024-08-13,2024,3,8,August,2024-08,33,Tuesday,False,Summer
2024-08-14,2024,3,8,August,2024-08,33,Wednesday,False,Summer
2024-08-15,2024,3,8,August,2024-08,33,Thursday,False,Summer
2024-08-16,2024,3,8,August,2024-08,33,Friday,False,Summer
2024-08-17,2024,3,8,August,2024-08,33,Saturday,True,Summer
2024-08-18,2024,3,8,August,2024-08,33,Sunday,True,Summer
2024-08-19,2024,3,8,August,2024-08,34,Monday,False,Summer
2024-08-20,2024,3,8,August,2024-08,34,Tuesday,False,Summer
2024-08-21,2024,3,8,August,2024-08,34,Wednesday,False,Summer
2024-08-22,2024,3,8,August,2024-08,34,Thursday,False,Summer
2024-08-23,2024,3,8,August,2024-08,34,Friday,False,Summer
2024-08-24,2024,3,8,August,2024-08,34,Saturday,True,Summer
2024-08-25,2024,3,8,August,2024-08,34,Sunday,True,Summer
2024-08-26,2024,3,8,August,2024-08,35,Monday,False,Summer
2024-08-27,2024,3,8,August,2024-08,35,Tuesday,False,Summer
2024-08-28,2024,3,8,August,2024-08,35,Wednesday,False,Summer
2024-08-29,2024,3,8,August,2024-08,35,Thursday,False,Summer
2024-08-30,2024,3,8,August,2024-08,35,Friday,False,Summer
2024-08-31,2024,3,8,August,2024-08,35,Saturday,True,Summer
2024-09-01,2024,3,9,September,2024-09,35,Sunday,True,Fall
2024-09-02,2024,3,9,September,2024-09,36,Monday,False,Fall
2024-09-03,2024,3,9,September,2024-09,36,Tuesday,False,Fall
2024-09-04,2024,3,9,September,2024-09,36,Wednesday,False,Fall
2024-09-05,2024,3,9,September,2024-09,36,Thursday,False,Fall
2024-09-06,2024,3,9,September,2024-09,36,Friday,False,Fall
2024-09-07,2024,3,9,September,2024-09,36,Saturday,True,Fall
2024-09-08,2024,3,9,September,2024-09,36,Sunday,True,Fall
2024-09-09,2024,3,9,September,2024-09,37,Monday,False,Fall
2024-09-10,2024,3,9,September,2024-09,37,Tuesday,False,Fall
2024-09-11,2024,3,9,September,2024-09,37,Wednesday,False,Fall
2024-09-12,2024,3,9,September,2024-09,37,Thursday,False,Fall
2024-09-13,2024,3,9,September,2024-09,37,Friday,False,Fall
2024-09-14,2024,3,9,September,2024-09,37,Saturday,True,Fall
2024-09-15,2024,3,9,September,2024-09,37,Sunday,True,Fall
2024-09-16,2024,3,9,September,2024-09,38,Monday,False,Fall
2024-09-17,2024,3,9,September,2024-09,38,Tuesday,False,Fall
2024-09-18,2024,3,9,September,2024-09,38,Wednesday,False,Fall
2024-09-19,2024,3,9,September,2024-09,38,Thursday,False,Fall
2024-09-20,2024,3,9,September,2024-09,38,Friday,False,Fall
2024-09-21,2024,3,9,September,2024-09,38,Saturday,True,Fall
2024-09-22,2024,3,9,September,2024-09,38,Sunday,True,Fall
2024-09-23,2024,3,9,September,2024-09,39,Monday,False,Fall
2024-09-24,2024,3,9,September,2024-09,39,Tuesday,False,Fall
2024-09-25,2024,3,9,September,2024-09,39,Wednesday,False,Fall
2024-09-26,2024,3,9,September,2024-09,39,Thursday,False,Fall
2024-09-27,2024,3,9,September,2024-09,39,Friday,False,Fall
2024-09-28,2024,3,9,September,2024-09,39,Saturday,True,Fall
2024-09-29,2024,3,9,September,2024-09,39,Sunday,True,Fall
2024-09-30,2024,3,9,September,2024-09,40,Monday,False,Fall
2024-10-01,2024,4,10,October,2024-10,40,Tuesday,False,Fall
2024-10-02,2024,4,10,October,2024-10,40,Wednesday,False,Fall
2024-10-03,2024,4,10,October,2024-10,40,Thursday,False,Fall
2024-10-04,2024,4,10,October,2024-10,40,Friday,False,Fall
2024-10-05,2024,4,10,October,2024-10,40,Saturday,True,Fall
2024-10-06,2024,4,10,October,2024-10,40,Sunday,True,Fall
2024-10-07,2024,4,10,October,2024-10,41,Monday,False,Fall
2024-10-08,2024,4,10,October,2024-10,41,Tuesday,False,Fall
2024-10-09,2024,4,10,October,2024-10,41,Wednesday,False,Fall
2024-10-10,2024,4,10,October,2024-10,41,Thursday,False,Fall
2024-10-11,2024,4,10,October,2024-10,41,Friday,False,Fall
2024-10-12,2024,4,10,October,2024-10,41,Saturday,True,Fall
2024-10-13,2024,4,10,October,2024-10,41,Sunday,True,Fall
2024-10-14,2024,4,10,October,2024-10,42,Monday,False,Fall
2024-10-15,2024,4,10,October,2024-10,42,Tuesday,False,Fall
2024-10-16,2024,4,10,October,2024-10,42,Wednesday,False,Fall
2024-10-17,2024,4,10,October,2024-10,42,Thursday,False,Fall
2024-10-18,2024,4,10,October,2024-10,42,Friday,False,Fall
2024-10-19,2024,4,10,October,2024-10,42,Saturday,True,Fall
2024-10-20,2024,4,10,October,2024-10,42,Sunday,True,Fall
2024-10-21,2024,4,10,October,2024-10,43,Monday,False,Fall
2024-10-22,2024,4,10,October,2024-10,43,Tuesday,False,Fall
2024-10-23,2024,4,10,October,2024-10,43,Wednesday,False,Fall
2024-10-24,2024,4,10,October,2024-10,43,Thursday,False,Fall
2024-10-25,2024,4,10,October,2024-10,43,Friday,False,Fall
2024-10-26,2024,4,10,October,2024-10,43,Saturday,True,Fall
2024-10-27,2024,4,10,October,2024-10,43,Sunday,True,Fall
2024-10-28,2024,4,10,October,2024-10,44,Monday,False,Fall
2024-10-29,2024,4,10,October,2024-10,44,Tuesday,False,Fall
2024-10-30,2024,4,10,October,2024-10,44,Wednesday,False,Fall
2024-10-31,2024,4,10,October,2024-10,44,Thursday,False,Fall
2024-11-01,2024,4,11,November,2024-11,44,Friday,False,Fall
2024-11-02,2024,4,11,November,2024-11,44,Saturday,True,Fall
2024-11-03,2024,4,11,November,2024-11,44,Sunday,True,Fall
2024-11-04,2024,4,11,November,2024-11,45,Monday,False,Fall
2024-11-05,2024,4,11,November,2024-11,45,Tuesday,False,Fall
2024-11-06,2024,4,11,November,2024-11,45,Wednesday,False,Fall
2024-11-07,2024,4,11,November,2024-11,45,Thursday,False,Fall
2024-11-08,2024,4,11,November,2024-11,45,Friday,False,Fall
2024-11-09,2024,4,11,November,2024-11,45,Saturday,True,Fall
2024-11-10,2024,4,11,November,2024-11,45,Sunday,True,Fall
2024-11-11,2024,4,11,November,2024-11,46,Monday,False,Fall
2024-11-12,2024,4,11,November,2024-11,46,Tuesday,False,Fall
2024-11-13,2024,4,11,November,2024-11,46,Wednesday,False,Fall
2024-11-14,2024,4,11,November,2024-11,46,Thursday,False,Fall
2024-11-15,2024,4,11,November,2024-11,46,Friday,False,Fall
2024-11-16,2024,4,11,November,2024-11,46,Saturday,True,Fall
2024-11-17,2024,4,11,November,2024-11,46,Sunday,True,Fall
2024-11-18,2024,4,11,November,2024-11,47,Monday,False,Fall
2024-11-19,2024,4,11,November,2024-11,47,Tuesday,False,Fall
2024-11-20,2024,4,11,November,2024-11,47,Wednesday,False,Fall
2024-11-21,2024,4,11,November,2024-11,47,Thursday,False,Fall
2024-11-22,2024,4,11,November,2024-11,47,Friday,False,Fall
2024-11-23,2024,4,11,November,2024-11,47,Saturday,True,Fall
2024-11-24,2024,4,11,November,2024-11,47,Sunday,True,Fall
2024-11-25,2024,4,11,November,2024-11,48,Monday,False,Fall
2024-11-26,2024,4,11,November,2024-11,48,Tuesday,False,Fall
2024-11-27,2024,4,11,November,2024-11,48,Wednesday,False,Fall
2024-11-28,2024,4,11,November,2024-11,48,Thursday,False,Fall
2024-11-29,2024,4,11,November,2024-11,48,Friday,False,Fall
2024-11-30,2024,4,11,November,2024-11,48,Saturday,True,Fall
2024-12-01,2024,4,12,December,2024-12,48,Sunday,True,Winter
2024-12-02,2024,4,12,December,2024-12,49,Monday,False,Winter
2024-12-03,2024,4,12,December,2024-12,49,Tuesday,False,Winter
2024-12-04,2024,4,12,December,2024-12,49,Wednesday,False,Winter
2024-12-05,2024,4,12,December,2024-12,49,Thursday,False,Winter
2024-12-06,2024,4,12,December,2024-12,49,Friday,False,Winter
2024-12-07,2024,4,12,December,2024-12,49,Saturday,True,Winter
2024-12-08,2024,4,12,December,2024-12,49,Sunday,True,Winter
2024-12-09,2024,4,12,December,2024-12,50,Monday,False,Winter
2024-12-10,2024,4,12,December,2024-12,50,Tuesday,False,Winter
2024-12-11,2024,4,12,December,2024-12,50,Wednesday,False,Winter
2024-12-12,2024,4,12,December,2024-12,50,Thursday,False,Winter
2024-12-13,2024,4,12,December,2024-12,50,Friday,False,Winter
2024-12-14,2024,4,12,December,2024-12,50,Saturday,True,Winter
2024-12-15,2024,4,12,December,2024-12,50,Sunday,True,Winter
2024-12-16,2024,4,12,December,2024-12,51,Monday,False,Winter
2024-12-17,2024,4,12,December,2024-12,51,Tuesday,False,Winter
2024-12-18,2024,4,12,December,2024-12,51,Wednesday,False,Winter
2024-12-19,2024,4,12,December,2024-12,51,Thursday,False,Winter
2024-12-20,2024,4,12,December,2024-12,51,Friday,False,Winter
2024-12-21,2024,4,12,December,2024-12,51,Saturday,True,Winter
2024-12-22,2024,4,12,December,2024-12,51,Sunday,True,Winter
2024-12-23,2024,4,12,December,2024-12,52,Monday,False,Winter
2024-12-24,2024,4,12,December,2024-12,52,Tuesday,False,Winter
2024-12-25,2024,4,12,December,2024-12,52,Wednesday,False,Winter
2024-12-26,2024,4,12,December,2024-12,52,Thursday,False,Winter
2024-12-27,2024,4,12,December,2024-12,52,Friday,False,Winter
2024-12-28,2024,4,12,December,2024-12,52,Saturday,True,Winter
2024-12-29,2024,4,12,December,2024-12,52,Sunday,True,Winter
2024-12-30,2024,4,12,December,2024-12,1,Monday,False,Winter
2024-12-31,2024,4,12,December,2024-12,1,Tuesday,False,Winter
2025-01-01,2025,1,1,January,2025-01,1,Wednesday,False,Winter
2025-01-02,2025,1,1,January,2025-01,1,Thursday,False,Winter
2025-01-03,2025,1,1,January,2025-01,1,Friday,False,Winter
2025-01-04,2025,1,1,January,2025-01,1,Saturday,True,Winter
2025-01-05,2025,1,1,January,2025-01,1,Sunday,True,Winter
2025-01-06,2025,1,1,January,2025-01,2,Monday,False,Winter
2025-01-07,2025,1,1,January,2025-01,2,Tuesday,False,Winter
2025-01-08,2025,1,1,January,2025-01,2,Wednesday,False,Winter
2025-01-09,2025,1,1,January,2025-01,2,Thursday,False,Winter
2025-01-10,2025,1,1,January,2025-01,2,Friday,False,Winter
2025-01-11,2025,1,1,January,2025-01,2,Saturday,True,Winter
2025-01-12,2025,1,1,January,2025-01,2,Sunday,True,Winter
2025-01-13,2025,1,1,January,2025-01,3,Monday,False,Winter
2025-01-14,2025,1,1,January,2025-01,3,Tuesday,False,Winter
2025-01-15,2025,1,1,January,2025-01,3,Wednesday,False,Winter
2025-01-16,2025,1,1,January,2025-01,3,Thursday,False,Winter
2025-01-17,2025,1,1,January,2025-01,3,Friday,False,Winter
2025-01-18,2025,1,1,January,2025-01,3,Saturday,True,Winter
2025-01-19,2025,1,1,January,2025-01,3,Sunday,True,Winter
2025-01-20,2025,1,1,January,2025-01,4,Monday,False,Winter
2025-01-21,2025,1,1,January,2025-01,4,Tuesday,False,Winter
2025-01-22,2025,1,1,January,2025-01,4,Wednesday,False,Winter
2025-01-23,2025,1,1,January,2025-01,4,Thursday,False,Winter
2025-01-24,2025,1,1,January,2025-01,4,Friday,False,Winter
2025-01-25,2025,1,1,January,2025-01,4,Saturday,True,Winter
2025-01-26,2025,1,1,January,2025-01,4,Sunday,True,Winter
2025-01-27,2025,1,1,January,2025-01,5,Monday,False,Winter
2025-01-28,2025,1,1,January,2025-01,5,Tuesday,False,Winter
2025-01-29,2025,1,1,January,2025-01,5,Wednesday,False,Winter
2025-01-30,2025,1,1,January,2025-01,5,Thursday,False,Winter
2025-01-31,2025,1,1,January,2025-01,5,Friday,False,Winter
2025-02-01,2025,1,2,February,2025-02,5,Saturday,True,Winter
2025-02-02,2025,1,2,February,2025-02,5,Sunday,True,Winter
2025-02-03,2025,1,2,February,2025-02,6,Monday,False,Winter
2025-02-04,2025,1,2,February,2025-02,6,Tuesday,False,Winter
2025-02-05,2025,1,2,February,2025-02,6,Wednesday,False,Winter
2025-02-06,2025,1,2,February,2025-02,6,Thursday,False,Winter
2025-02-07,2025,1,2,February,2025-02,6,Friday,False,Winter
2025-02-08,2025,1,2,February,2025-02,6,Saturday,True,Winter
2025-02-09,2025,1,2,February,2025-02,6,Sunday,True,Winter
2025-02-10,2025,1,2,February,2025-02,7,Monday,False,Winter
2025-02-11,2025,1,2,February,2025-02,7,Tuesday,False,Winter
2025-02-12,2025,1,2,February,2025-02,7,Wednesday,False,Winter
2025-02-13,2025,1,2,February,2025-02,7,Thursday,False,Winter
2025-02-14,2025,1,2,February,2025-02,7,Friday,False,Winter
2025-02-15,2025,1,2,February,2025-02,7,Saturday,True,Winter
2025-02-16,2025,1,2,February,2025-02,7,Sunday,True,Winter
2025-02-17,2025,1,2,February,2025-02,8,Monday,False,Winter
2025-02-18,2025,1,2,February,2025-02,8,Tuesday,False,Winter
2025-02-19,2025,1,2,February,2025-02,8,Wednesday,False,Winter
2025-02-20,2025,1,2,February,2025-02,8,Thursday,False,Winter
2025-02-21,2025,1,2,February,2025-02,8,Friday,False,Winter
2025-02-22,2025,1,2,February,2025-02,8,Saturday,True,Winter
2025-02-23,2025,1,2,February,2025-02,8,Sunday,True,Winter
2025-02-24,2025,1,2,February,2025-02,9,Monday,False,Winter
2025-02-25,2025,1,2,February,2025-02,9,Tuesday,False,Winter
2025-02-26,2025,1,2,February,2025-02,9,Wednesday,False,Winter
2025-02-27,2025,1,2,February,2025-02,9,Thursday,False,Winter
2025-02-28,2025,1,2,February,2025-02,9,Friday,False,Winter
2025-03-01,2025,1,3,March,2025-03,9,Saturday,True,Spring
2025-03-02,2025,1,3,March,2025-03,9,Sunday,True,Spring
2025-03-03,2025,1,3,March,2025-03,10,Monday,False,Spring
2025-03-04,2025,1,3,March,2025-03,10,Tuesday,False,Spring
2025-03-05,2025,1,3,March,2025-03,10,Wednesday,False,Spring
2025-03-06,2025,1,3,March,2025-03,10,Thursday,False,Spring
2025-03-07,2025,1,3,March,2025-03,10,Friday,False,Spring
2025-03-08,2025,1,3,March,2025-03,10,Saturday,True,Spring
2025-03-09,2025,1,3,March,2025-03,10,Sunday,True,Spring
2025-03-10,2025,1,3,March,2025-03,11,Monday,False,Spring
2025-03-11,2025,1,3,March,2025-03,11,Tuesday,False,Spring
2025-03-12,2025,1,3,March,2025-03,11,Wednesday,False,Spring
2025-03-13,2025,1,3,March,2025-03,11,Thursday,False,Spring
2025-03-14,2025,1,3,March,2025-03,11,Friday,False,Spring
2025-03-15,2025,1,3,March,2025-03,11,Saturday,True,Spring
2025-03-16,2025,1,3,March,2025-03,11,Sunday,True,Spring
2025-03-17,2025,1,3,March,2025-03,12,Monday,False,Spring
2025-03-18,2025,1,3,March,2025-03,12,Tuesday,False,Spring
2025-03-19,2025,1,3,March,2025-03,12,Wednesday,False,Spring
2025-03-20,2025,1,3,March,2025-03,12,Thursday,False,Spring
2025-03-21,2025,1,3,March,2025-03,12,Friday,False,Spring
2025-03-22,2025,1,3,March,2025-03,12,Saturday,True,Spring
2025-03-23,2025,1,3,March,2025-03,12,Sunday,True,Spring
2025-03-24,2025,1,3,March,2025-03,13,Monday,False,Spring
2025-03-25,2025,1,3,March,2025-03,13,Tuesday,False,Spring
2025-03-26,2025,1,3,March,2025-03,13,Wednesday,False,Spring
2025-03-27,2025,1,3,March,2025-03,13,Thursday,False,Spring
2025-03-28,2025,1,3,March,2025-03,13,Friday,False,Spring
2025-03-29,2025,1,3,March,2025-03,13,Saturday,True,Spring
2025-03-30,2025,1,3,March,2025-03,13,Sunday,True,Spring
2025-03-31,2025,1,3,March,2025-03,14,Monday,False,Spring
2025-04-01,2025,2,4,April,2025-04,14,Tuesday,False,Spring
2025-04-02,2025,2,4,April,2025-04,14,Wednesday,False,Spring
2025-04-03,2025,2,4,April,2025-04,14,Thursday,False,Spring
2025-04-04,2025,2,4,April,2025-04,14,Friday,False,Spring
2025-04-05,2025,2,4,April,2025-04,14,Saturday,True,Spring
2025-04-06,2025,2,4,April,2025-04,14,Sunday,True,Spring
2025-04-07,2025,2,4,April,2025-04,15,Monday,False,Spring
2025-04-08,2025,2,4,April,2025-04,15,Tuesday,False,Spring
2025-04-09,2025,2,4,April,2025-04,15,Wednesday,False,Spring
2025-04-10,2025,2,4,April,2025-04,15,Thursday,False,Spring
2025-04-11,2025,2,4,April,2025-04,15,Friday,False,Spring
2025-04-12,2025,2,4,April,2025-04,15,Saturday,True,Spring
2025-04-13,2025,2,4,April,2025-04,15,Sunday,True,Spring
2025-04-14,2025,2,4,April,2025-04,16,Monday,False,Spring
2025-04-15,2025,2,4,April,2025-04,16,Tuesday,False,Spring
2025-04-16,2025,2,4,April,2025-04,16,Wednesday,False,Spring
2025-04-17,2025,2,4,April,2025-04,16,Thursday,False,Spring
2025-04-18,2025,2,4,April,2025-04,16,Friday,False,Spring
2025-04-19,2025,2,4,April,2025-04,16,Saturday,True,Spring
2025-04-20,2025,2,4,April,2025-04,16,Sunday,True,Spring
2025-04-21,2025,2,4,April,2025-04,17,Monday,False,Spring
2025-04-22,2025,2,4,April,2025-04,17,Tuesday,False,Spring
2025-04-23,2025,2,4,April,2025-04,17,Wednesday,False,Spring
2025-04-24,2025,2,4,April,2025-04,17,Thursday,False,Spring
2025-04-25,2025,2,4,April,2025-04,17,Friday,False,Spring
2025-04-26,2025,2,4,April,2025-04,17,Saturday,True,Spring
2025-04-27,2025,2,4,April,2025-04,17,Sunday,True,Spring
2025-04-28,2025,2,4,April,2025-04,18,Monday,False,Spring
2025-04-29,2025,2,4,April,2025-04,18,Tuesday,False,Spring
2025-04-30,2025,2,4,April,2025-04,18,Wednesday,False,Spring
2025-05-01,2025,2,5,May,2025-05,18,Thursday,False,Spring
2025-05-02,2025,2,5,May,2025-05,18,Friday,False,Spring
2025-05-03,2025,2,5,May,2025-05,18,Saturday,True,Spring
2025-05-04,2025,2,5,May,2025-05,18,Sunday,True,Spring
2025-05-05,2025,2,5,May,2025-05,19,Monday,False,Spring
2025-05-06,2025,2,5,May,2025-05,19,Tuesday,False,Spring
2025-05-07,2025,2,5,May,2025-05,19,Wednesday,False,Spring
2025-05-08,2025,2,5,May,2025-05,19,Thursday,False,Spring
2025-05-09,2025,2,5,May,2025-05,19,Friday,False,Spring
2025-05-10,2025,2,5,May,2025-05,19,Saturday,True,Spring
2025-05-11,2025,2,5,May,2025-05,19,Sunday,True,Spring
2025-05-12,2025,2,5,May,2025-05,20,Monday,False,Spring
2025-05-13,2025,2,5,May,2025-05,20,Tuesday,False,Spring
2025-05-14,2025,2,5,May,2025-05,20,Wednesday,False,Spring
2025-05-15,2025,2,5,May,2025-05,20,Thursday,False,Spring
2025-05-16,2025,2,5,May,2025-05,20,Friday,False,Spring
2025-05-17,2025,2,5,May,2025-05,20,Saturday,True,Spring
2025-05-18,2025,2,5,May,2025-05,20,Sunday,True,Spring
2025-05-19,2025,2,5,May,2025-05,21,Monday,False,Spring
2025-05-20,2025,2,5,May,2025-05,21,Tuesday,False,Spring
2025-05-21,2025,2,5,May,2025-05,21,Wednesday,False,Spring
2025-05-22,2025,2,5,May,2025-05,21,Thursday,False,Spring
2025-05-23,2025,2,5,May,2025-05,21,Friday,False,Spring
2025-05-24,2025,2,5,May,2025-05,21,Saturday,True,Spring
2025-05-25,2025,2,5,May,2025-05,21,Sunday,True,Spring
2025-05-26,2025,2,5,May,2025-05,22,Monday,False,Spring
2025-05-27,2025,2,5,May,2025-05,22,Tuesday,False,Spring
2025-05-28,2025,2,5,May,2025-05,22,Wednesday,False,Spring
2025-05-29,2025,2,5,May,2025-05,22,Thursday,False,Spring
2025-05-30,2025,2,5,May,2025-05,22,Friday,False,Spring
2025-05-31,2025,2,5,May,2025-05,22,Saturday,True,Spring
2025-06-01,2025,2,6,June,2025-06,22,Sunday,True,Summer
2025-06-02,2025,2,6,June,2025-06,23,Monday,False,Summer
2025-06-03,2025,2,6,June,2025-06,23,Tuesday,False,Summer
2025-06-04,2025,2,6,June,2025-06,23,Wednesday,False,Summer
2025-06-05,2025,2,6,June,2025-06,23,Thursday,False,Summer
2025-06-06,2025,2,6,June,2025-06,23,Friday,False,Summer
2025-06-07,2025,2,6,June,2025-06,23,Saturday,True,Summer
2025-06-08,2025,2,6,June,2025-06,23,Sunday,True,Summer
2025-06-09,2025,2,6,June,2025-06,24,Monday,False,Summer
2025-06-10,2025,2,6,June,2025-06,24,Tuesday,False,Summer
2025-06-11,2025,2,6,June,2025-06,24,Wednesday,False,Summer
2025-06-12,2025,2,6,June,2025-06,24,Thursday,False,Summer
2025-06-13,2025,2,6,June,2025-06,24,Friday,False,Summer
2025-06-14,2025,2,6,June,2025-06,24,Saturday,True,Summer
2025-06-15,2025,2,6,June,2025-06,24,Sunday,True,Summer
2025-06-16,2025,2,6,June,2025-06,25,Monday,False,Summer
2025-06-17,2025,2,6,June,2025-06,25,Tuesday,False,Summer
2025-06-18,2025,2,6,June,2025-06,25,Wednesday,False,Summer
2025-06-19,2025,2,6,June,2025-06,25,Thursday,False,Summer
2025-06-20,2025,2,6,June,2025-06,25,Friday,False,Summer
2025-06-21,2025,2,6,June,2025-06,25,Saturday,True,Summer
2025-06-22,2025,2,6,June,2025-06,25,Sunday,True,Summer
2025-06-23,2025,2,6,June,2025-06,26,Monday,False,Summer
2025-06-24,2025,2,6,June,2025-06,26,Tuesday,False,Summer
2025-06-25,2025,2,6,June,2025-06,26,Wednesday,False,Summer
2025-06-26,2025,2,6,June,2025-06,26,Thursday,False,Summer
2025-06-27,2025,2,6,June,2025-06,26,Friday,False,Summer
2025-06-28,2025,2,6,June,2025-06,26,Saturday,True,Summer
2025-06-29,2025,2,6,June,2025-06,26,Sunday,True,Summer
2025-06-30,2025,2,6,June,2025-06,27,Monday,False,Summer
2025-07-01,2025,3,7,July,2025-07,27,Tuesday,False,Summer
2025-07-02,2025,3,7,July,2025-07,27,Wednesday,False,Summer
2025-07-03,2025,3,7,July,2025-07,27,Thursday,False,Summer
2025-07-04,2025,3,7,July,2025-07,27,Friday,False,Summer
2025-07-05,2025,3,7,July,2025-07,27,Saturday,True,Summer
2025-07-06,2025,3,7,July,2025-07,27,Sunday,True,Summer
2025-07-07,2025,3,7,July,2025-07,28,Monday,False,Summer
2025-07-08,2025,3,7,July,2025-07,28,Tuesday,False,Summer
2025-07-09,2025,3,7,July,2025-07,28,Wednesday,False,Summer
2025-07-10,2025,3,7,July,2025-07,28,Thursday,False,Summer
2025-07-11,2025,3,7,July,2025-07,28,Friday,False,Summer
2025-07-12,2025,3,7,July,2025-07,28,Saturday,True,Summer
2025-07-13,2025,3,7,July,2025-07,28,Sunday,True,Summer
2025-07-14,2025,3,7,July,2025-07,29,Monday,False,Summer
2025-07-15,2025,3,7,July,2025-07,29,Tuesday,False,Summer
2025-07-16,2025,3,7,July,2025-07,29,Wednesday,False,Summer
2025-07-17,2025,3,7,July,2025-07,29,Thursday,False,Summer
2025-07-18,2025,3,7,July,2025-07,29,Friday,False,Summer
2025-07-19,2025,3,7,July,2025-07,29,Saturday,True,Summer
2025-07-20,2025,3,7,July,2025-07,29,Sunday,True,Summer
2025-07-21,2025,3,7,July,2025-07,30,Monday,False,Summer
2025-07-22,2025,3,7,July,2025-07,30,Tuesday,False,Summer
2025-07-23,2025,3,7,July,2025-07,30,Wednesday,False,Summer
2025-07-24,2025,3,7,July,2025-07,30,Thursday,False,Summer
2025-07-25,2025,3,7,July,2025-07,30,Friday,False,Summer
2025-07-26,2025,3,7,July,2025-07,30,Saturday,True,Summer
2025-07-27,2025,3,7,July,2025-07,30,Sunday,True,Summer
2025-07-28,2025,3,7,July,2025-07,31,Monday,False,Summer
2025-07-29,2025,3,7,July,2025-07,31,Tuesday,False,Summer
2025-07-30,2025,3,7,July,2025-07,31,Wednesday,False,Summer
2025-07-31,2025,3,7,July,2025-07,31,Thursday,False,Summer
2025-08-01,2025,3,8,August,2025-08,31,Friday,False,Summer
2025-08-02,2025,3,8,August,2025-08,31,Saturday,True,Summer
2025-08-03,2025,3,8,August,2025-08,31,Sunday,True,Summer
2025-08-04,2025,3,8,August,2025-08,32,Monday,False,Summer
2025-08-05,2025,3,8,August,2025-08,32,Tuesday,False,Summer
2025-08-06,2025,3,8,August,2025-08,32,Wednesday,False,Summer
2025-08-07,2025,3,8,August,2025-08,32,Thursday,False,Summer
2025-08-08,2025,3,8,August,2025-08,32,Friday,False,Summer
2025-08-09,2025,3,8,August,2025-08,32,Saturday,True,Summer
2025-08-10,2025,3,8,August,2025-08,32,Sunday,True,Summer
2025-08-11,2025,3,8,August,2025-08,33,Monday,False,Summer
2025-08-12,2025,3,8,August,2025-08,33,Tuesday,False,Summer
2025-08-13,2025,3,8,August,2025-08,33,Wednesday,False,Summer
2025-08-14,2025,3,8,August,2025-08,33,Thursday,False,Summer
2025-08-15,2025,3,8,August,2025-08,33,Friday,False,Summer
2025-08-16,2025,3,8,August,2025-08,33,Saturday,True,Summer
2025-08-17,2025,3,8,August,2025-08,33,Sunday,True,Summer
2025-08-18,2025,3,8,August,2025-08,34,Monday,False,Summer
2025-08-19,2025,3,8,August,2025-08,34,Tuesday,False,Summer
2025-08-20,2025,3,8,August,2025-08,34,Wednesday,False,Summer
2025-08-21,2025,3,8,August,2025-08,34,Thursday,False,Summer
2025-08-22,2025,3,8,August,2025-08,34,Friday,False,Summer
2025-08-23,2025,3,8,August,2025-08,34,Saturday,True,Summer
2025-08-24,2025,3,8,August,2025-08,34,Sunday,True,Summer
2025-08-25,2025,3,8,August,2025-08,35,Monday,False,Summer
2025-08-26,2025,3,8,August,2025-08,35,Tuesday,False,Summer
2025-08-27,2025,3,8,August,2025-08,35,Wednesday,False,Summer
2025-08-28,2025,3,8,August,2025-08,35,Thursday,False,Summer
2025-08-29,2025,3,8,August,2025-08,35,Friday,False,Summer
2025-08-30,2025,3,8,August,2025-08,35,Saturday,True,Summer
2025-08-31,2025,3,8,August,2025-08,35,Sunday,True,Summer
2025-09-01,2025,3,9,September,2025-09,36,Monday,False,Fall
2025-09-02,2025,3,9,September,2025-09,36,Tuesday,False,Fall
2025-09-03,2025,3,9,September,2025-09,36,Wednesday,False,Fall
2025-09-04,2025,3,9,September,2025-09,36,Thursday,False,Fall
2025-09-05,2025,3,9,September,2025-09,36,Friday,False,Fall
2025-09-06,2025,3,9,September,2025-09,36,Saturday,True,Fall
2025-09-07,2025,3,9,September,2025-09,36,Sunday,True,Fall
2025-09-08,2025,3,9,September,2025-09,37,Monday,False,Fall
2025-09-09,2025,3,9,September,2025-09,37,Tuesday,False,Fall
2025-09-10,2025,3,9,September,2025-09,37,Wednesday,False,Fall
2025-09-11,2025,3,9,September,2025-09,37,Thursday,False,Fall
2025-09-12,2025,3,9,September,2025-09,37,Friday,False,Fall
2025-09-13,2025,3,9,September,2025-09,37,Saturday,True,Fall
2025-09-14,2025,3,9,September,2025-09,37,Sunday,True,Fall
2025-09-15,2025,3,9,September,2025-09,38,Monday,False,Fall
2025-09-16,2025,3,9,September,2025-09,38,Tuesday,False,Fall
2025-09-17,2025,3,9,September,2025-09,38,Wednesday,False,Fall
2025-09-18,2025,3,9,September,2025-09,38,Thursday,False,Fall
2025-09-19,2025,3,9,September,2025-09,38,Friday,False,Fall
2025-09-20,2025,3,9,September,2025-09,38,Saturday,True,Fall
2025-09-21,2025,3,9,September,2025-09,38,Sunday,True,Fall
2025-09-22,2025,3,9,September,2025-09,39,Monday,False,Fall
2025-09-23,2025,3,9,September,2025-09,39,Tuesday,False,Fall
2025-09-24,2025,3,9,September,2025-09,39,Wednesday,False,Fall
2025-09-25,2025,3,9,September,2025-09,39,Thursday,False,Fall
2025-09-26,2025,3,9,September,2025-09,39,Friday,False,Fall
2025-09-27,2025,3,9,September,2025-09,39,Saturday,True,Fall
2025-09-28,2025,3,9,September,2025-09,39,Sunday,True,Fall
2025-09-29,2025,3,9,September,2025-09,40,Monday,False,Fall
2025-09-30,2025,3,9,September,2025-09,40,Tuesday,False,Fall
2025-10-01,2025,4,10,October,2025-10,40,Wednesday,False,Fall
2025-10-02,2025,4,10,October,2025-10,40,Thursday,False,Fall
2025-10-03,2025,4,10,October,2025-10,40,Friday,False,Fall
2025-10-04,2025,4,10,October,2025-10,40,Saturday,True,Fall
2025-10-05,2025,4,10,October,2025-10,40,Sunday,True,Fall
2025-10-06,2025,4,10,October,2025-10,41,Monday,False,Fall
2025-10-07,2025,4,10,October,2025-10,41,Tuesday,False,Fall
2025-10-08,2025,4,10,October,2025-10,41,Wednesday,False,Fall
2025-10-09,2025,4,10,October,2025-10,41,Thursday,False,Fall
2025-10-10,2025,4,10,October,2025-10,41,Friday,False,Fall
2025-10-11,2025,4,10,October,2025-10,41,Saturday,True,Fall
2025-10-12,2025,4,10,October,2025-10,41,Sunday,True,Fall
2025-10-13,2025,4,10,October,2025-10,42,Monday,False,Fall
2025-10-14,2025,4,10,October,2025-10,42,Tuesday,False,Fall
2025-10-15,2025,4,10,October,2025-10,42,Wednesday,False,Fall
2025-10-16,2025,4,10,October,2025-10,42,Thursday,False,Fall
2025-10-17,2025,4,10,October,2025-10,42,Friday,False,Fall
2025-10-18,2025,4,10,October,2025-10,42,Saturday,True,Fall
2025-10-19,2025,4,10,October,2025-10,42,Sunday,True,Fall
2025-10-20,2025,4,10,October,2025-10,43,Monday,False,Fall
2025-10-21,2025,4,10,October,2025-10,43,Tuesday,False,Fall
2025-10-22,2025,4,10,October,2025-10,43,Wednesday,False,Fall
2025-10-23,2025,4,10,October,2025-10,43,Thursday,False,Fall
2025-10-24,2025,4,10,October,2025-10,43,Friday,False,Fall
2025-10-25,2025,4,10,October,2025-10,43,Saturday,True,Fall
2025-10-26,2025,4,10,October,2025-10,43,Sunday,True,Fall
2025-10-27,2025,4,10,October,2025-10,44,Monday,False,Fall
2025-10-28,2025,4,10,October,2025-10,44,Tuesday,False,Fall
2025-10-29,2025,4,10,October,2025-10,44,Wednesday,False,Fall
2025-10-30,2025,4,10,October,2025-10,44,Thursday,False,Fall
2025-10-31,2025,4,10,October,2025-10,44,Friday,False,Fall
2025-11-01,2025,4,11,November,2025-11,44,Saturday,True,Fall
2025-11-02,2025,4,11,November,2025-11,44,Sunday,True,Fall
2025-11-03,2025,4,11,November,2025-11,45,Monday,False,Fall
2025-11-04,2025,4,11,November,2025-11,45,Tuesday,False,Fall
2025-11-05,2025,4,11,November,2025-11,45,Wednesday,False,Fall
2025-11-06,2025,4,11,November,2025-11,45,Thursday,False,Fall
2025-11-07,2025,4,11,November,2025-11,45,Friday,False,Fall
2025-11-08,2025,4,11,November,2025-11,45,Saturday,True,Fall
2025-11-09,2025,4,11,November,2025-11,45,Sunday,True,Fall
2025-11-10,2025,4,11,November,2025-11,46,Monday,False,Fall
2025-11-11,2025,4,11,November,2025-11,46,Tuesday,False,Fall
2025-11-12,2025,4,11,November,2025-11,46,Wednesday,False,Fall
2025-11-13,2025,4,11,November,2025-11,46,Thursday,False,Fall
2025-11-14,2025,4,11,November,2025-11,46,Friday,False,Fall
2025-11-15,2025,4,11,November,2025-11,46,Saturday,True,Fall
2025-11-16,2025,4,11,November,2025-11,46,Sunday,True,Fall
2025-11-17,2025,4,11,November,2025-11,47,Monday,False,Fall
2025-11-18,2025,4,11,November,2025-11,47,Tuesday,False,Fall
2025-11-19,2025,4,11,November,2025-11,47,Wednesday,False,Fall
2025-11-20,2025,4,11,November,2025-11,47,Thursday,False,Fall
2025-11-21,2025,4,11,November,2025-11,47,Friday,False,Fall
2025-11-22,2025,4,11,November,2025-11,47,Saturday,True,Fall
2025-11-23,2025,4,11,November,2025-11,47,Sunday,True,Fall
2025-11-24,2025,4,11,November,2025-11,48,Monday,False,Fall
2025-11-25,2025,4,11,November,2025-11,48,Tuesday,False,Fall
2025-11-26,2025,4,11,November,2025-11,48,Wednesday,False,Fall
2025-11-27,2025,4,11,November,2025-11,48,Thursday,False,Fall
2025-11-28,2025,4,11,November,2025-11,48,Friday,False,Fall
2025-11-29,2025,4,11,November,2025-11,48,Saturday,True,Fall
2025-11-30,2025,4,11,November,2025-11,48,Sunday,True,Fall
2025-12-01,2025,4,12,December,2025-12,49,Monday,False,Winter
2025-12-02,2025,4,12,December,2025-12,49,Tuesday,False,Winter
2025-12-03,2025,4,12,December,2025-12,49,Wednesday,False,Winter
2025-12-04,2025,4,12,December,2025-12,49,Thursday,False,Winter
2025-12-05,2025,4,12,December,2025-12,49,Friday,False,Winter
2025-12-06,2025,4,12,December,2025-12,49,Saturday,True,Winter
2025-12-07,2025,4,12,December,2025-12,49,Sunday,True,Winter
2025-12-08,2025,4,12,December,2025-12,50,Monday,False,Winter
2025-12-09,2025,4,12,December,2025-12,50,Tuesday,False,Winter
2025-12-10,2025,4,12,December,2025-12,50,Wednesday,False,Winter
2025-12-11,2025,4,12,December,2025-12,50,Thursday,False,Winter
2025-12-12,2025,4,12,December,2025-12,50,Friday,False,Winter
2025-12-13,2025,4,12,December,2025-12,50,Saturday,True,Winter
2025-12-14,2025,4,12,December,2025-12,50,Sunday,True,Winter
2025-12-15,2025,4,12,December,2025-12,51,Monday,False,Winter
2025-12-16,2025,4,12,December,2025-12,51,Tuesday,False,Winter
2025-12-17,2025,4,12,December,2025-12,51,Wednesday,False,Winter
2025-12-18,2025,4,12,December,2025-12,51,Thursday,False,Winter
2025-12-19,2025,4,12,December,2025-12,51,Friday,False,Winter
2025-12-20,2025,4,12,December,2025-12,51,Saturday,True,Winter
2025-12-21,2025,4,12,December,2025-12,51,Sunday,True,Winter
2025-12-22,2025,4,12,December,2025-12,52,Monday,False,Winter
2025-12-23,2025,4,12,December,2025-12,52,Tuesday,False,Winter
2025-12-24,2025,4,12,December,2025-12,52,Wednesday,False,Winter
2025-12-25,2025,4,12,December,2025-12,52,Thursday,False,Winter
2025-12-26,2025,4,12,December,2025-12,52,Friday,False,Winter
2025-12-27,2025,4,12,December,2025-12,52,Saturday,True,Winter
2025-12-28,2025,4,12,December,2025-12,52,Sunday,True,Winter
2025-12-29,2025,4,12,December,2025-12,1,Monday,False,Winter
2025-12-30,2025,4,12,December,2025-12,1,Tuesday,False,Winter
2025-12-31,2025,4,12,December,2025-12,1,Wednesday,False,Winter
2026-01-01,2026,1,1,January,2026-01,1,Thursday,False,Winter
2026-01-02,2026,1,1,January,2026-01,1,Friday,False,Winter
2026-01-03,2026,1,1,January,2026-01,1,Saturday,True,Winter
2026-01-04,2026,1,1,January,2026-01,1,Sunday,True,Winter
2026-01-05,2026,1,1,January,2026-01,2,Monday,False,Winter
2026-01-06,2026,1,1,January,2026-01,2,Tuesday,False,Winter
2026-01-07,2026,1,1,January,2026-01,2,Wednesday,False,Winter
2026-01-08,2026,1,1,January,2026-01,2,Thursday,False,Winter
2026-01-09,2026,1,1,January,2026-01,2,Friday,False,Winter
2026-01-10,2026,1,1,January,2026-01,2,Saturday,True,Winter
2026-01-11,2026,1,1,January,2026-01,2,Sunday,True,Winter
2026-01-12,2026,1,1,January,2026-01,3,Monday,False,Winter
2026-01-13,2026,1,1,January,2026-01,3,Tuesday,False,Winter
2026-01-14,2026,1,1,January,2026-01,3,Wednesday,False,Winter
2026-01-15,2026,1,1,January,2026-01,3,Thursday,False,Winter
2026-01-16,2026,1,1,January,2026-01,3,Friday,False,Winter
2026-01-17,2026,1,1,January,2026-01,3,Saturday,True,Winter
2026-01-18,2026,1,1,January,2026-01,3,Sunday,True,Winter
2026-01-19,2026,1,1,January,2026-01,4,Monday,False,Winter
2026-01-20,2026,1,1,January,2026-01,4,Tuesday,False,Winter
2026-01-21,2026,1,1,January,2026-01,4,Wednesday,False,Winter
2026-01-22,2026,1,1,January,2026-01,4,Thursday,False,Winter
2026-01-23,2026,1,1,January,2026-01,4,Friday,False,Winter
2026-01-24,2026,1,1,January,2026-01,4,Saturday,True,Winter
2026-01-25,2026,1,1,January,2026-01,4,Sunday,True,Winter
2026-01-26,2026,1,1,January,2026-01,5,Monday,False,Winter
2026-01-27,2026,1,1,January,2026-01,5,Tuesday,False,Winter
2026-01-28,2026,1,1,January,2026-01,5,Wednesday,False,Winter
2026-01-29,2026,1,1,January,2026-01,5,Thursday,False,Winter
2026-01-30,2026,1,1,January,2026-01,5,Friday,False,Winter
2026-01-31,2026,1,1,January,2026-01,5,Saturday,True,Winter
2026-02-01,2026,1,2,February,2026-02,5,Sunday,True,Winter
2026-02-02,2026,1,2,February,2026-02,6,Monday,False,Winter
2026-02-03,2026,1,2,February,2026-02,6,Tuesday,False,Winter
2026-02-04,2026,1,2,February,2026-02,6,Wednesday,False,Winter
2026-02-05,2026,1,2,February,2026-02,6,Thursday,False,Winter
2026-02-06,2026,1,2,February,2026-02,6,Friday,False,Winter
2026-02-07,2026,1,2,February,2026-02,6,Saturday,True,Winter
2026-02-08,2026,1,2,February,2026-02,6,Sunday,True,Winter
2026-02-09,2026,1,2,February,2026-02,7,Monday,False,Winter
2026-02-10,2026,1,2,February,2026-02,7,Tuesday,False,Winter
2026-02-11,2026,1,2,February,2026-02,7,Wednesday,False,Winter
2026-02-12,2026,1,2,February,2026-02,7,Thursday,False,Winter
2026-02-13,2026,1,2,February,2026-02,7,Friday,False,Winter
2026-02-14,2026,1,2,February,2026-02,7,Saturday,True,Winter
2026-02-15,2026,1,2,February,2026-02,7,Sunday,True,Winter
2026-02-16,2026,1,2,February,2026-02,8,Monday,False,Winter
2026-02-17,2026,1,2,February,2026-02,8,Tuesday,False,Winter
2026-02-18,2026,1,2,February,2026-02,8,Wednesday,False,Winter
2026-02-19,2026,1,2,February,2026-02,8,Thursday,False,Winter
2026-02-20,2026,1,2,February,2026-02,8,Friday,False,Winter
2026-02-21,2026,1,2,February,2026-02,8,Saturday,True,Winter
2026-02-22,2026,1,2,February,2026-02,8,Sunday,True,Winter
2026-02-23,2026,1,2,February,2026-02,9,Monday,False,Winter
2026-02-24,2026,1,2,February,2026-02,9,Tuesday,False,Winter
2026-02-25,2026,1,2,February,2026-02,9,Wednesday,False,Winter
2026-02-26,2026,1,2,February,2026-02,9,Thursday,False,Winter
2026-02-27,2026,1,2,February,2026-02,9,Friday,False,Winter
2026-02-28,2026,1,2,February,2026-02,9,Saturday,True,Winter
2026-03-01,2026,1,3,March,2026-03,9,Sunday,True,Spring
2026-03-02,2026,1,3,March,2026-03,10,Monday,False,Spring
2026-03-03,2026,1,3,March,2026-03,10,Tuesday,False,Spring
2026-03-04,2026,1,3,March,2026-03,10,Wednesday,False,Spring
2026-03-05,2026,1,3,March,2026-03,10,Thursday,False,Spring
2026-03-06,2026,1,3,March,2026-03,10,Friday,False,Spring
2026-03-07,2026,1,3,March,2026-03,10,Saturday,True,Spring
2026-03-08,2026,1,3,March,2026-03,10,Sunday,True,Spring
2026-03-09,2026,1,3,March,2026-03,11,Monday,False,Spring
2026-03-10,2026,1,3,March,2026-03,11,Tuesday,False,Spring
2026-03-11,2026,1,3,March,2026-03,11,Wednesday,False,Spring
2026-03-12,2026,1,3,March,2026-03,11,Thursday,False,Spring
2026-03-13,2026,1,3,March,2026-03,11,Friday,False,Spring
2026-03-14,2026,1,3,March,2026-03,11,Saturday,True,Spring
2026-03-15,2026,1,3,March,2026-03,11,Sunday,True,Spring
2026-03-16,2026,1,3,March,2026-03,12,Monday,False,Spring
2026-03-17,2026,1,3,March,2026-03,12,Tuesday,False,Spring
2026-03-18,2026,1,3,March,2026-03,12,Wednesday,False,Spring
2026-03-19,2026,1,3,March,2026-03,12,Thursday,False,Spring
2026-03-20,2026,1,3,March,2026-03,12,Friday,False,Spring
2026-03-21,2026,1,3,March,2026-03,12,Saturday,True,Spring
2026-03-22,2026,1,3,March,2026-03,12,Sunday,True,Spring
2026-03-23,2026,1,3,March,2026-03,13,Monday,False,Spring
2026-03-24,2026,1,3,March,2026-03,13,Tuesday,False,Spring
2026-03-25,2026,1,3,March,2026-03,13,Wednesday,False,Spring
2026-03-26,2026,1,3,March,2026-03,13,Thursday,False,Spring
2026-03-27,2026,1,3,March,2026-03,13,Friday,False,Spring
2026-03-28,2026,1,3,March,2026-03,13,Saturday,True,Spring
2026-03-29,2026,1,3,March,2026-03,13,Sunday,True,Spring
2026-03-30,2026,1,3,March,2026-03,14,Monday,False,Spring
2026-03-31,2026,1,3,March,2026-03,14,Tuesday,False,Spring
2026-04-01,2026,2,4,April,2026-04,14,Wednesday,False,Spring
2026-04-02,2026,2,4,April,2026-04,14,Thursday,False,Spring
2026-04-03,2026,2,4,April,2026-04,14,Friday,False,Spring
2026-04-04,2026,2,4,April,2026-04,14,Saturday,True,Spring
2026-04-05,2026,2,4,April,2026-04,14,Sunday,True,Spring
2026-04-06,2026,2,4,April,2026-04,15,Monday,False,Spring
2026-04-07,2026,2,4,April,2026-04,15,Tuesday,False,Spring
2026-04-08,2026,2,4,April,2026-04,15,Wednesday,False,Spring
2026-04-09,2026,2,4,April,2026-04,15,Thursday,False,Spring
2026-04-10,2026,2,4,April,2026-04,15,Friday,False,Spring
2026-04-11,2026,2,4,April,2026-04,15,Saturday,True,Spring
2026-04-12,2026,2,4,April,2026-04,15,Sunday,True,Spring
2026-04-13,2026,2,4,April,2026-04,16,Monday,False,Spring
2026-04-14,2026,2,4,April,2026-04,16,Tuesday,False,Spring
2026-04-15,2026,2,4,April,2026-04,16,Wednesday,False,Spring
2026-04-16,2026,2,4,April,2026-04,16,Thursday,False,Spring
2026-04-17,2026,2,4,April,2026-04,16,Friday,False,Spring
2026-04-18,2026,2,4,April,2026-04,16,Saturday,True,Spring
2026-04-19,2026,2,4,April,2026-04,16,Sunday,True,Spring
2026-04-20,2026,2,4,April,2026-04,17,Monday,False,Spring
2026-04-21,2026,2,4,April,2026-04,17,Tuesday,False,Spring
2026-04-22,2026,2,4,April,2026-04,17,Wednesday,False,Spring
2026-04-23,2026,2,4,April,2026-04,17,Thursday,False,Spring
2026-04-24,2026,2,4,April,2026-04,17,Friday,False,Spring
2026-04-25,2026,2,4,April,2026-04,17,Saturday,True,Spring
2026-04-26,2026,2,4,April,2026-04,17,Sunday,True,Spring
2026-04-27,2026,2,4,April,2026-04,18,Monday,False,Spring
2026-04-28,2026,2,4,April,2026-04,18,Tuesday,False,Spring
2026-04-29,2026,2,4,April,2026-04,18,Wednesday,False,Spring
2026-04-30,2026,2,4,April,2026-04,18,Thursday,False,Spring
2026-05-01,2026,2,5,May,2026-05,18,Friday,False,Spring
2026-05-02,2026,2,5,May,2026-05,18,Saturday,True,Spring
2026-05-03,2026,2,5,May,2026-05,18,Sunday,True,Spring
2026-05-04,2026,2,5,May,2026-05,19,Monday,False,Spring
2026-05-05,2026,2,5,May,2026-05,19,Tuesday,False,Spring
2026-05-06,2026,2,5,May,2026-05,19,Wednesday,False,Spring
2026-05-07,2026,2,5,May,2026-05,19,Thursday,False,Spring
2026-05-08,2026,2,5,May,2026-05,19,Friday,False,Spring
2026-05-09,2026,2,5,May,2026-05,19,Saturday,True,Spring
2026-05-10,2026,2,5,May,2026-05,19,Sunday,True,Spring
2026-05-11,2026,2,5,May,2026-05,20,Monday,False,Spring
2026-05-12,2026,2,5,May,2026-05,20,Tuesday,False,Spring
2026-05-13,2026,2,5,May,2026-05,20,Wednesday,False,Spring
2026-05-14,2026,2,5,May,2026-05,20,Thursday,False,Spring
2026-05-15,2026,2,5,May,2026-05,20,Friday,False,Spring
2026-05-16,2026,2,5,May,2026-05,20,Saturday,True,Spring
2026-05-17,2026,2,5,May,2026-05,20,Sunday,True,Spring
2026-05-18,2026,2,5,May,2026-05,21,Monday,False,Spring
2026-05-19,2026,2,5,May,2026-05,21,Tuesday,False,Spring
2026-05-20,2026,2,5,May,2026-05,21,Wednesday,False,Spring
2026-05-21,2026,2,5,May,2026-05,21,Thursday,False,Spring
2026-05-22,2026,2,5,May,2026-05,21,Friday,False,Spring
2026-05-23,2026,2,5,May,2026-05,21,Saturday,True,Spring
2026-05-24,2026,2,5,May,2026-05,21,Sunday,True,Spring
2026-05-25,2026,2,5,May,2026-05,22,Monday,False,Spring
2026-05-26,2026,2,5,May,2026-05,22,Tuesday,False,Spring
2026-05-27,2026,2,5,May,2026-05,22,Wednesday,False,Spring
2026-05-28,2026,2,5,May,2026-05,22,Thursday,False,Spring
2026-05-29,2026,2,5,May,2026-05,22,Friday,False,Spring
2026-05-30,2026,2,5,May,2026-05,22,Saturday,True,Spring
2026-05-31,2026,2,5,May,2026-05,22,Sunday,True,Spring
2026-06-01,2026,2,6,June,2026-06,23,Monday,False,Summer
2026-06-02,2026,2,6,June,2026-06,23,Tuesday,False,Summer
2026-06-03,2026,2,6,June,2026-06,23,Wednesday,False,Summer
2026-06-04,2026,2,6,June,2026-06,23,Thursday,False,Summer
2026-06-05,2026,2,6,June,2026-06,23,Friday,False,Summer
2026-06-06,2026,2,6,June,2026-06,23,Saturday,True,Summer
2026-06-07,2026,2,6,June,2026-06,23,Sunday,True,Summer
2026-06-08,2026,2,6,June,2026-06,24,Monday,False,Summer
2026-06-09,2026,2,6,June,2026-06,24,Tuesday,False,Summer
2026-06-10,2026,2,6,June,2026-06,24,Wednesday,False,Summer
2026-06-11,2026,2,6,June,2026-06,24,Thursday,False,Summer
2026-06-12,2026,2,6,June,2026-06,24,Friday,False,Summer
2026-06-13,2026,2,6,June,2026-06,24,Saturday,True,Summer
2026-06-14,2026,2,6,June,2026-06,24,Sunday,True,Summer
2026-06-15,2026,2,6,June,2026-06,25,Monday,False,Summer
2026-06-16,2026,2,6,June,2026-06,25,Tuesday,False,Summer
2026-06-17,2026,2,6,June,2026-06,25,Wednesday,False,Summer
2026-06-18,2026,2,6,June,2026-06,25,Thursday,False,Summer
2026-06-19,2026,2,6,June,2026-06,25,Friday,False,Summer
2026-06-20,2026,2,6,June,2026-06,25,Saturday,True,Summer
2026-06-21,2026,2,6,June,2026-06,25,Sunday,True,Summer
2026-06-22,2026,2,6,June,2026-06,26,Monday,False,Summer
2026-06-23,2026,2,6,June,2026-06,26,Tuesday,False,Summer
2026-06-24,2026,2,6,June,2026-06,26,Wednesday,False,Summer
2026-06-25,2026,2,6,June,2026-06,26,Thursday,False,Summer
2026-06-26,2026,2,6,June,2026-06,26,Friday,False,Summer
2026-06-27,2026,2,6,June,2026-06,26,Saturday,True,Summer
2026-06-28,2026,2,6,June,2026-06,26,Sunday,True,Summer
2026-06-29,2026,2,6,June,2026-06,27,Monday,False,Summer
2026-06-30,2026,2,6,June,2026-06,27,Tuesday,False,Summer
2026-07-01,2026,3,7,July,2026-07,27,Wednesday,False,Summer
2026-07-02,2026,3,7,July,2026-07,27,Thursday,False,Summer
2026-07-03,2026,3,7,July,2026-07,27,Friday,False,Summer
2026-07-04,2026,3,7,July,2026-07,27,Saturday,True,Summer
2026-07-05,2026,3,7,July,2026-07,27,Sunday,True,Summer
2026-07-06,2026,3,7,July,2026-07,28,Monday,False,Summer
2026-07-07,2026,3,7,July,2026-07,28,Tuesday,False,Summer
2026-07-08,2026,3,7,July,2026-07,28,Wednesday,False,Summer
2026-07-09,2026,3,7,July,2026-07,28,Thursday,False,Summer
2026-07-10,2026,3,7,July,2026-07,28,Friday,False,Summer
2026-07-11,2026,3,7,July,2026-07,28,Saturday,True,Summer
2026-07-12,2026,3,7,July,2026-07,28,Sunday,True,Summer
2026-07-13,2026,3,7,July,2026-07,29,Monday,False,Summer
2026-07-14,2026,3,7,July,2026-07,29,Tuesday,False,Summer
2026-07-15,2026,3,7,July,2026-07,29,Wednesday,False,Summer
2026-07-16,2026,3,7,July,2026-07,29,Thursday,False,Summer
2026-07-17,2026,3,7,July,2026-07,29,Friday,False,Summer
2026-07-18,2026,3,7,July,2026-07,29,Saturday,True,Summer
2026-07-19,2026,3,7,July,2026-07,29,Sunday,True,Summer
2026-07-20,2026,3,7,July,2026-07,30,Monday,False,Summer
2026-07-21,2026,3,7,July,2026-07,30,Tuesday,False,Summer
2026-07-22,2026,3,7,July,2026-07,30,Wednesday,False,Summer
2026-07-23,2026,3,7,July,2026-07,30,Thursday,False,Summer
2026-07-24,2026,3,7,July,2026-07,30,Friday,False,Summer
2026-07-25,2026,3,7,July,2026-07,30,Saturday,True,Summer
2026-07-26,2026,3,7,July,2026-07,30,Sunday,True,Summer
2026-07-27,2026,3,7,July,2026-07,31,Monday,False,Summer
2026-07-28,2026,3,7,July,2026-07,31,Tuesday,False,Summer
2026-07-29,2026,3,7,July,2026-07,31,Wednesday,False,Summer
2026-07-30,2026,3,7,July,2026-07,31,Thursday,False,Summer
2026-07-31,2026,3,7,July,2026-07,31,Friday,False,Summer
2026-08-01,2026,3,8,August,2026-08,31,Saturday,True,Summer
2026-08-02,2026,3,8,August,2026-08,31,Sunday,True,Summer
2026-08-03,2026,3,8,August,2026-08,32,Monday,False,Summer
2026-08-04,2026,3,8,August,2026-08,32,Tuesday,False,Summer
2026-08-05,2026,3,8,August,2026-08,32,Wednesday,False,Summer
2026-08-06,2026,3,8,August,2026-08,32,Thursday,False,Summer
2026-08-07,2026,3,8,August,2026-08,32,Friday,False,Summer
2026-08-08,2026,3,8,August,2026-08,32,Saturday,True,Summer
2026-08-09,2026,3,8,August,2026-08,32,Sunday,True,Summer
2026-08-10,2026,3,8,August,2026-08,33,Monday,False,Summer
2026-08-11,2026,3,8,August,2026-08,33,Tuesday,False,Summer
2026-08-12,2026,3,8,August,2026-08,33,Wednesday,False,Summer
2026-08-13,2026,3,8,August,2026-08,33,Thursday,False,Summer
2026-08-14,2026,3,8,August,2026-08,33,Friday,False,Summer
2026-08-15,2026,3,8,August,2026-08,33,Saturday,True,Summer
2026-08-16,2026,3,8,August,2026-08,33,Sunday,True,Summer
2026-08-17,2026,3,8,August,2026-08,34,Monday,False,Summer
2026-08-18,2026,3,8,August,2026-08,34,Tuesday,False,Summer
2026-08-19,2026,3,8,August,2026-08,34,Wednesday,False,Summer
2026-08-20,2026,3,8,August,2026-08,34,Thursday,False,Summer
2026-08-21,2026,3,8,August,2026-08,34,Friday,False,Summer
2026-08-22,2026,3,8,August,2026-08,34,Saturday,True,Summer
2026-08-23,2026,3,8,August,2026-08,34,Sunday,True,Summer
2026-08-24,2026,3,8,August,2026-08,35,Monday,False,Summer
2026-08-25,2026,3,8,August,2026-08,35,Tuesday,False,Summer
2026-08-26,2026,3,8,August,2026-08,35,Wednesday,False,Summer
2026-08-27,2026,3,8,August,2026-08,35,Thursday,False,Summer
2026-08-28,2026,3,8,August,2026-08,35,Friday,False,Summer
2026-08-29,2026,3,8,August,2026-08,35,Saturday,True,Summer
2026-08-30,2026,3,8,August,2026-08,35,Sunday,True,Summer
2026-08-31,2026,3,8,August,2026-08,36,Monday,False,Summer
2026-09-01,2026,3,9,September,2026-09,36,Tuesday,False,Fall
2026-09-02,2026,3,9,September,2026-09,36,Wednesday,False,Fall
2026-09-03,2026,3,9,September,2026-09,36,Thursday,False,Fall
2026-09-04,2026,3,9,September,2026-09,36,Friday,False,Fall
2026-09-05,2026,3,9,September,2026-09,36,Saturday,True,Fall
2026-09-06,2026,3,9,September,2026-09,36,Sunday,True,Fall
2026-09-07,2026,3,9,September,2026-09,37,Monday,False,Fall
2026-09-08,2026,3,9,September,2026-09,37,Tuesday,False,Fall
2026-09-09,2026,3,9,September,2026-09,37,Wednesday,False,Fall
2026-09-10,2026,3,9,September,2026-09,37,Thursday,False,Fall
2026-09-11,2026,3,9,September,2026-09,37,Friday,False,Fall
2026-09-12,2026,3,9,September,2026-09,37,Saturday,True,Fall
2026-09-13,2026,3,9,September,2026-09,37,Sunday,True,Fall
2026-09-14,2026,3,9,September,2026-09,38,Monday,False,Fall
2026-09-15,2026,3,9,September,2026-09,38,Tuesday,False,Fall
2026-09-16,2026,3,9,September,2026-09,38,Wednesday,False,Fall
2026-09-17,2026,3,9,September,2026-09,38,Thursday,False,Fall
2026-09-18,2026,3,9,September,2026-09,38,Friday,False,Fall
2026-09-19,2026,3,9,September,2026-09,38,Saturday,True,Fall
2026-09-20,2026,3,9,September,2026-09,38,Sunday,True,Fall
2026-09-21,2026,3,9,September,2026-09,39,Monday,False,Fall
2026-09-22,2026,3,9,September,2026-09,39,Tuesday,False,Fall
2026-09-23,2026,3,9,September,2026-09,39,Wednesday,False,Fall
2026-09-24,2026,3,9,September,2026-09,39,Thursday,False,Fall
2026-09-25,2026,3,9,September,2026-09,39,Friday,False,Fall
2026-09-26,2026,3,9,September,2026-09,39,Saturday,True,Fall
2026-09-27,2026,3,9,September,2026-09,39,Sunday,True,Fall
2026-09-28,2026,3,9,September,2026-09,40,Monday,False,Fall
2026-09-29,2026,3,9,September,2026-09,40,Tuesday,False,Fall
2026-09-30,2026,3,9,September,2026-09,40,Wednesday,False,Fall
2026-10-01,2026,4,10,October,2026-10,40,Thursday,False,Fall
2026-10-02,2026,4,10,October,2026-10,40,Friday,False,Fall
2026-10-03,2026,4,10,October,2026-10,40,Saturday,True,Fall
2026-10-04,2026,4,10,October,2026-10,40,Sunday,True,Fall
2026-10-05,2026,4,10,October,2026-10,41,Monday,False,Fall
2026-10-06,2026,4,10,October,2026-10,41,Tuesday,False,Fall
2026-10-07,2026,4,10,October,2026-10,41,Wednesday,False,Fall
2026-10-08,2026,4,10,October,2026-10,41,Thursday,False,Fall
2026-10-09,2026,4,10,October,2026-10,41,Friday,False,Fall
2026-10-10,2026,4,10,October,2026-10,41,Saturday,True,Fall
2026-10-11,2026,4,10,October,2026-10,41,Sunday,True,Fall
2026-10-12,2026,4,10,October,2026-10,42,Monday,False,Fall
2026-10-13,2026,4,10,October,2026-10,42,Tuesday,False,Fall
2026-10-14,2026,4,10,October,2026-10,42,Wednesday,False,Fall
2026-10-15,2026,4,10,October,2026-10,42,Thursday,False,Fall
2026-10-16,2026,4,10,October,2026-10,42,Friday,False,Fall
2026-10-17,2026,4,10,October,2026-10,42,Saturday,True,Fall
2026-10-18,2026,4,10,October,2026-10,42,Sunday,True,Fall
2026-10-19,2026,4,10,October,2026-10,43,Monday,False,Fall
2026-10-20,2026,4,10,October,2026-10,43,Tuesday,False,Fall
2026-10-21,2026,4,10,October,2026-10,43,Wednesday,False,Fall
2026-10-22,2026,4,10,October,2026-10,43,Thursday,False,Fall
2026-10-23,2026,4,10,October,2026-10,43,Friday,False,Fall
2026-10-24,2026,4,10,October,2026-10,43,Saturday,True,Fall
2026-10-25,2026,4,10,October,2026-10,43,Sunday,True,Fall
2026-10-26,2026,4,10,October,2026-10,44,Monday,False,Fall
2026-10-27,2026,4,10,October,2026-10,44,Tuesday,False,Fall
2026-10-28,2026,4,10,October,2026-10,44,Wednesday,False,Fall
2026-10-29,2026,4,10,October,2026-10,44,Thursday,False,Fall
2026-10-30,2026,4,10,October,2026-10,44,Friday,False,Fall
2026-10-31,2026,4,10,October,2026-10,44,Saturday,True,Fall
2026-11-01,2026,4,11,November,2026-11,44,Sunday,True,Fall
2026-11-02,2026,4,11,November,2026-11,45,Monday,False,Fall
2026-11-03,2026,4,11,November,2026-11,45,Tuesday,False,Fall
2026-11-04,2026,4,11,November,2026-11,45,Wednesday,False,Fall
2026-11-05,2026,4,11,November,2026-11,45,Thursday,False,Fall
2026-11-06,2026,4,11,November,2026-11,45,Friday,False,Fall
2026-11-07,2026,4,11,November,2026-11,45,Saturday,True,Fall
2026-11-08,2026,4,11,November,2026-11,45,Sunday,True,Fall
2026-11-09,2026,4,11,November,2026-11,46,Monday,False,Fall
2026-11-10,2026,4,11,November,2026-11,46,Tuesday,False,Fall
2026-11-11,2026,4,11,November,2026-11,46,Wednesday,False,Fall
2026-11-12,2026,4,11,November,2026-11,46,Thursday,False,Fall
2026-11-13,2026,4,11,November,2026-11,46,Friday,False,Fall
2026-11-14,2026,4,11,November,2026-11,46,Saturday,True,Fall
2026-11-15,2026,4,11,November,2026-11,46,Sunday,True,Fall
2026-11-16,2026,4,11,November,2026-11,47,Monday,False,Fall
2026-11-17,2026,4,11,November,2026-11,47,Tuesday,False,Fall
2026-11-18,2026,4,11,November,2026-11,47,Wednesday,False,Fall
2026-11-19,2026,4,11,November,2026-11,47,Thursday,False,Fall
2026-11-20,2026,4,11,November,2026-11,47,Friday,False,Fall
2026-11-21,2026,4,11,November,2026-11,47,Saturday,True,Fall
2026-11-22,2026,4,11,November,2026-11,47,Sunday,True,Fall
2026-11-23,2026,4,11,November,2026-11,48,Monday,False,Fall
2026-11-24,2026,4,11,November,2026-11,48,Tuesday,False,Fall
2026-11-25,2026,4,11,November,2026-11,48,Wednesday,False,Fall
2026-11-26,2026,4,11,November,2026-11,48,Thursday,False,Fall
2026-11-27,2026,4,11,November,2026-11,48,Friday,False,Fall
2026-11-28,2026,4,11,November,2026-11,48,Saturday,True,Fall
2026-11-29,2026,4,11,November,2026-11,48,Sunday,True,Fall
2026-11-30,2026,4,11,November,2026-11,49,Monday,False,Fall
2026-12-01,2026,4,12,December,2026-12,49,Tuesday,False,Winter
2026-12-02,2026,4,12,December,2026-12,49,Wednesday,False,Winter
2026-12-03,2026,4,12,December,2026-12,49,Thursday,False,Winter
2026-12-04,2026,4,12,December,2026-12,49,Friday,False,Winter
2026-12-05,2026,4,12,December,2026-12,49,Saturday,True,Winter
2026-12-06,2026,4,12,December,2026-12,49,Sunday,True,Winter
2026-12-07,2026,4,12,December,2026-12,50,Monday,False,Winter
2026-12-08,2026,4,12,December,2026-12,50,Tuesday,False,Winter
2026-12-09,2026,4,12,December,2026-12,50,Wednesday,False,Winter
2026-12-10,2026,4,12,December,2026-12,50,Thursday,False,Winter
2026-12-11,2026,4,12,December,2026-12,50,Friday,False,Winter
2026-12-12,2026,4,12,December,2026-12,50,Saturday,True,Winter
2026-12-13,2026,4,12,December,2026-12,50,Sunday,True,Winter
2026-12-14,2026,4,12,December,2026-12,51,Monday,False,Winter
2026-12-15,2026,4,12,December,2026-12,51,Tuesday,False,Winter
2026-12-16,2026,4,12,December,2026-12,51,Wednesday,False,Winter
2026-12-17,2026,4,12,December,2026-12,51,Thursday,False,Winter
2026-12-18,2026,4,12,December,2026-12,51,Friday,False,Winter
2026-12-19,2026,4,12,December,2026-12,51,Saturday,True,Winter
2026-12-20,2026,4,12,December,2026-12,51,Sunday,True,Winter
2026-12-21,2026,4,12,December,2026-12,52,Monday,False,Winter
2026-12-22,2026,4,12,December,2026-12,52,Tuesday,False,Winter
2026-12-23,2026,4,12,December,2026-12,52,Wednesday,False,Winter
2026-12-24,2026,4,12,December,2026-12,52,Thursday,False,Winter
2026-12-25,2026,4,12,December,2026-12,52,Friday,False,Winter
2026-12-26,2026,4,12,December,2026-12,52,Saturday,True,Winter
2026-12-27,2026,4,12,December,2026-12,52,Sunday,True,Winter
2026-12-28,2026,4,12,December,2026-12,53,Monday,False,Winter
2026-12-29,2026,4,12,December,2026-12,53,Tuesday,False,Winter
2026-12-30,2026,4,12,December,2026-12,53,Wednesday,False,Winter
2026-12-31,2026,4,12,December,2026-12,53,Thursday,False,Winter
